[{"name":"Filbert","marks":39},
{"name":"Isaiah","marks":77},
{"name":"Torin","marks":35},
{"name":"Lil","marks":34},
{"name":"Drusi","marks":39},
{"name":"Daniel","marks":94},
{"name":"Bridgette","marks":6},
{"name":"Margaret","marks":89},
{"name":"Malory","marks":98},
{"name":"Ollie","marks":78},
{"name":"Colan","marks":61},
{"name":"Feodor","marks":16},
{"name":"Aloise","marks":61},
{"name":"Webster","marks":79},
{"name":"Haze","marks":15},
{"name":"Iseabal","marks":83},
{"name":"Winnie","marks":85},
{"name":"Winfield","marks":46},
{"name":"Con","marks":40},
{"name":"Jojo","marks":37}]